{
  "fire_detection_rate": 0.9607843137254902,
  "error_warning_rate": 0.11267605633802817,
  "accuracy": 0.9180327868852459,
  "precision": 0.8596491228070176,
  "recall": 0.9607843137254902,
  "f1_score": 0.9074074074074074,
  "tp": 49,
  "tn": 63,
  "fp": 8,
  "fn": 2
}